{"cameraMode":{"drawMode":0,"name":"Shaded","section":"Shading Mode"},"sceneLighting":true,"audioPlay":false,"sceneViewState":{"m_AlwaysRefresh":true,"showFog":true,"showSkybox":true,"showFlares":true,"showImageEffects":false,"showParticleSystems":true,"showVisualEffectGraphs":true,"m_FxEnabled":true},"in2DMode":false,"pivot":{"x":0.07806539535522461,"y":6.915226936340332,"z":2.5866317749023439},"rotation":{"x":-0.10488014668226242,"y":-0.06648261845111847,"z":0.007027173414826393,"w":-0.9922367930412293},"size":16.300945281982423,"orthographic":false}