{"cameraMode":{"drawMode":0,"name":"Shaded","section":"Shading Mode"},"sceneLighting":true,"audioPlay":false,"sceneViewState":{"m_AlwaysRefresh":true,"showFog":true,"showSkybox":true,"showFlares":true,"showImageEffects":false,"showParticleSystems":true,"showVisualEffectGraphs":true,"m_FxEnabled":true},"in2DMode":false,"pivot":{"x":833.9321899414063,"y":442.4576721191406,"z":-202.98458862304688},"rotation":{"x":-0.03180500119924545,"y":0.0005999647546559572,"z":0.00006383186700986698,"w":-0.9995113015174866},"size":288.603759765625,"orthographic":false}